<?xml version="1.0" encoding="UTF-8"?><tenant enabld="true" exportTime="Wed Feb 19 23:12:54 UTC 2025" load-mode="start" name="default" partial="true" version="1.0"><description><![CDATA[sample tenant]]></description><configurations/><security><roles/><groups/><users/></security><data-package><data-files/><data-agents/><data-sources/><data-destinations/><schemas/><session-variables/><datasets-statuses/></data-package><catalog><dashboard description="" guid="cba2466a-0a46-4b60-b74b-936965e6a6ef" id="334" name="Fetch - Data Analyst Take Home" owner-id="151" parent="202" version="93"><data xmlns:xi="http://www.w3.org/2001/XInclude"><xi:include href="dashboards/334_dashboard.xml" parse="xml"/></data></dashboard></catalog><scheduler><email-dashboard-jobs/><load-data-Jobs/><alert-Jobs/></scheduler><load-plans/><dataflows/><visuals/><incorta-channels/><favorite-dashboards/></tenant>