<?xml version='1.0' encoding='UTF-8'?><report id="334" guid="cba2466a-0a46-4b60-b74b-936965e6a6ef" name="Fetch - Data Analyst Take Home" ownerId="151"><properties><property name="sortPrompts" value="false"/><property name="expandedMode" value="false"/><property name="viewMode" value="DEFAULT"/><property name="queryExecutionMode" value="AUTO"/></properties><defaultTables><defaultTable schema="Fetch" table="TRANSACTION_TAKEHOME"/><defaultTable schema="Fetch" table="PRODUCTS_TAKEHOME"/><defaultTable schema="Fetch" table="USER_TAKEHOME"/></defaultTables><layout name="Overview" guid="85c1f83c-5f10-4026-957e-d45db8ddd20a" definition="{&quot;type&quot;:&quot;column&quot;,&quot;id&quot;:&quot;Ht7Zv9_Iw&quot;,&quot;children&quot;:[{&quot;id&quot;:&quot;7_9XKPmDH&quot;,&quot;type&quot;:&quot;insight&quot;,&quot;height&quot;:&quot;450&quot;,&quot;insightId&quot;:&quot;911935c9-cc0b-467c-a0e7-5e665cff2d48&quot;,&quot;dynamicHeight&quot;:false}],&quot;settings&quot;:{&quot;background&quot;:{&quot;color&quot;:&quot;&quot;},&quot;gutter&quot;:0}}"><graph id="911935c9-cc0b-467c-a0e7-5e665cff2d48" maxRows="0" autoRefresh="false" width="auto" height="450" showLabels="false" showStackedLabels="false" logarithmic="false" type="rich-text" showStackedLabelsTotal="false"><defaultTables><defaultTable schema="Fetch" table="TRANSACTION_TAKEHOME"/><defaultTable schema="Fetch" table="PRODUCTS_TAKEHOME"/><defaultTable schema="Fetch" table="USER_TAKEHOME"/></defaultTables><properties><property name="widthScale" value="1"/><property name="borderStyle" value="{&quot;width&quot;:1,&quot;radius&quot;:0,&quot;color&quot;:&quot;&quot;,&quot;style&quot;:&quot;Solid&quot;,&quot;active&quot;:[true,true,true,true]}"/><property name="dynamicHeight" value="false"/><property name="height" value="450"/><property name="automaticHeight" value="0"/><property name="insightBackgroundColor" value=""/><property name="numberOfElementsInRow" value="1"/></properties><content><![CDATA[<h1 style="font-size: 40px; color: purple; font-family: Arial, Helvetica, sans-serif;">Fetch - Data Analyst Take Home</h1>
<p><span style="font-size: 18px;"><strong><span style="color: #f1c40f;">Completed by: Lisa Armetta</span></strong></span></p>
<p><span style="font-size: 18px;"><strong><span style="color: #f1c40f;">Applied Position - Data Anlytics Manager</span></strong></span></p>
<p><span style="font-size: 18px;"><strong><span style="color: #f1c40f;">Date Submitted - February 19, 2025</span></strong></span></p>
<p>&nbsp;</p>
<p><strong>Table of Contents</strong></p>
<ul>
<li>Overview</li>
<li>Third Exercise</li>
<li>First Exercise</li>
<li>Second Exercise</li>
</ul>
<p>&nbsp;</p>]]></content></graph></layout><layout name="Third Exercise" guid="81914e9e-e3d1-41bc-8116-068b92310add" definition="{&quot;type&quot;:&quot;column&quot;,&quot;children&quot;:[{&quot;id&quot;:&quot;pP7M-CeC7&quot;,&quot;type&quot;:&quot;insight&quot;,&quot;height&quot;:&quot;620px&quot;,&quot;insightId&quot;:&quot;39448795-1da7-4a04-a285-81be30f7d6e6&quot;,&quot;dynamicHeight&quot;:false}],&quot;settings&quot;:{&quot;background&quot;:{&quot;color&quot;:&quot;&quot;},&quot;gutter&quot;:0}}"><graph id="39448795-1da7-4a04-a285-81be30f7d6e6" maxRows="0" autoRefresh="false" width="auto" height="450" showLabels="false" showStackedLabels="false" logarithmic="false" type="rich-text" showStackedLabelsTotal="false"><defaultTables><defaultTable schema="Fetch" table="TRANSACTION_TAKEHOME"/><defaultTable schema="Fetch" table="PRODUCTS_TAKEHOME"/><defaultTable schema="Fetch" table="USER_TAKEHOME"/></defaultTables><properties><property name="widthScale" value="1"/><property name="borderStyle" value="{&quot;width&quot;:1,&quot;radius&quot;:0,&quot;color&quot;:&quot;&quot;,&quot;style&quot;:&quot;Solid&quot;,&quot;active&quot;:[true,true,true,true]}"/><property name="dynamicHeight" value="false"/><property name="height" value="450"/><property name="automaticHeight" value="0"/><property name="insightBackgroundColor" value=""/><property name="numberOfElementsInRow" value="1"/></properties><content><![CDATA[<p>Dear Stakeholders,</p>
<p>I have reviewed and analyzed the three files provided in an effort to provide some insight into your sales.&nbsp; However, I came across several data quality issues that hinder my ability to tell a complete story.&nbsp;&nbsp;</p>
<ol>
<li>Of the 50,000 transaction records provided, all of the Receipt IDs are duplicated.&nbsp; Only 24,440 unique Receipt IDs exist.&nbsp; Does each row represent a separate line item on a receipt, or is there a chance we have some of the same transactions accidentally repeated multiple times?</li>
<li>What does the Final_Quantity column represent?&nbsp; I can't tell if the quantity represents the quantity sold, the quantity remaining in inventory, or something else.&nbsp; I see several rows where the Final Quantity is zero but they have a sales price and vice versa.</li>
<li>What does the Final_Sales column represent?&nbsp; I can't tell if this is the total price, the unit price per item, or something else.</li>
<li>It appears that the Product List may also be incomplete.&nbsp; There are 4,465 barcodes on the Transaction List that are not included on the Product List.&nbsp; In addition, some items on the Product List are missing key information like Category and Brand.</li>
<li>I found 4,305 transaction rows missing barcodes on the Transaction List, so I cannot identify what the customer was purchasing</li>
<li>It appears that the list of 100,000 users may be incomplete.&nbsp; I identified 17,694 User IDs on the Transaction List.&nbsp; However, only 91 of those User IDs could be found on the User List.&nbsp; This means that the close-ended questions from exercise 2 only include the results from those 91 users.&nbsp; In addition, one of those users is missing a birth date which decreased the users to only 90 for the first close-ended question.</li>
</ol>
<p>I would greatly appreciate if you could provide some direction on how to resolve these, so that I can provide you with accurate information. In the meantime, I've constructed some visuals to give you an idea of what kinds of insights we can provide with this data.&nbsp; I found that new users have grown tremendously since inception in 2024 to a peak of 26,807 new users in 2022.&nbsp; However, growth dropped off significantly in 2023 and 2024.</p>
<p>Please let me know how to proceed.&nbsp; Also, please let me know if you have any questions, comments, concerns, or other feedback.</p>
<p>Happy Wednesday!</p>
<p>Lisa Armetta</p>]]></content></graph></layout><layout name="First Exercise" guid="637aff86-def2-4bfa-9969-96580fd3ccd5" definition="{&quot;type&quot;:&quot;column&quot;,&quot;children&quot;:[{&quot;id&quot;:&quot;HaQfMMoKU_&quot;,&quot;type&quot;:&quot;row&quot;,&quot;height&quot;:&quot;450&quot;,&quot;children&quot;:[{&quot;id&quot;:&quot;6MX2sez1dj&quot;,&quot;type&quot;:&quot;insight&quot;,&quot;ratio&quot;:1.0,&quot;insightId&quot;:&quot;2bd62314-5021-4e58-9537-1fab825e6bc8&quot;},{&quot;id&quot;:&quot;i8nFyaUsC&quot;,&quot;type&quot;:&quot;insight&quot;,&quot;ratio&quot;:1.0,&quot;insightId&quot;:&quot;984f3ff2-653c-4249-a28c-feb123d8dd11&quot;}],&quot;dynamicHeight&quot;:false},{&quot;id&quot;:&quot;R1M0H80Z0j&quot;,&quot;type&quot;:&quot;row&quot;,&quot;height&quot;:&quot;483px&quot;,&quot;children&quot;:[{&quot;id&quot;:&quot;XKB2lgi1Z&quot;,&quot;type&quot;:&quot;insight&quot;,&quot;ratio&quot;:1.0,&quot;insightId&quot;:&quot;4e20171f-9288-4e03-9745-9f3134e793ab&quot;},{&quot;id&quot;:&quot;28lqSL9Pv&quot;,&quot;type&quot;:&quot;insight&quot;,&quot;ratio&quot;:1.0,&quot;insightId&quot;:&quot;6f9fa2bd-6d0d-4317-9d9f-49b68ec77e67&quot;}],&quot;dynamicHeight&quot;:false},{&quot;id&quot;:&quot;zqzIjWFKSj&quot;,&quot;type&quot;:&quot;row&quot;,&quot;height&quot;:&quot;450&quot;,&quot;children&quot;:[{&quot;id&quot;:&quot;tBXt6Gnoc&quot;,&quot;type&quot;:&quot;insight&quot;,&quot;ratio&quot;:1.0,&quot;insightId&quot;:&quot;de116eca-7361-4575-8499-72296723f12f&quot;},{&quot;id&quot;:&quot;ah4pQMTbp&quot;,&quot;type&quot;:&quot;insight&quot;,&quot;ratio&quot;:1.0,&quot;insightId&quot;:&quot;7afe2f76-eb0d-44ef-a705-fc1b39c4de6e&quot;}],&quot;dynamicHeight&quot;:false},{&quot;id&quot;:&quot;-sUnS2UNn3&quot;,&quot;type&quot;:&quot;row&quot;,&quot;height&quot;:&quot;450px&quot;,&quot;children&quot;:[{&quot;id&quot;:&quot;fJm6SboE6&quot;,&quot;type&quot;:&quot;insight&quot;,&quot;ratio&quot;:1.0,&quot;insightId&quot;:&quot;e2abfeb5-d860-478f-b27c-4e09e51b6771&quot;},{&quot;id&quot;:&quot;v9CsF1YR5s&quot;,&quot;type&quot;:&quot;insight&quot;,&quot;ratio&quot;:1.0,&quot;insightId&quot;:&quot;47fa66d3-510a-46cd-bcaa-4c48c7177fe9&quot;}],&quot;dynamicHeight&quot;:false}],&quot;settings&quot;:{&quot;background&quot;:{&quot;color&quot;:&quot;&quot;},&quot;gutter&quot;:0}}"><table id="2bd62314-5021-4e58-9537-1fab825e6bc8" maxRows="1000" autoRefresh="true" maxRowsLimit="0" transpose="false" headers="true" fixedColumns="0" aggregation="true" total="true" subtotal="false" dynamicMeasures="false"><defaultTables><defaultTable schema="Fetch" table="TRANSACTION_TAKEHOME"/><defaultTable schema="Fetch" table="PRODUCTS_TAKEHOME"/><defaultTable schema="Fetch" table="USER_TAKEHOME"/></defaultTables><properties><property name="isNameHtml" value="true"/><property name="widthScale" value="1"/><property name="mergeColumns" value="false"/><property name="borderStyle" value="{&quot;width&quot;:1,&quot;radius&quot;:0,&quot;color&quot;:&quot;&quot;,&quot;style&quot;:&quot;Solid&quot;,&quot;active&quot;:[true,true,true,true]}"/><property name="instructions" value=""/><property name="caption" value="&lt;p>&lt;span style=&quot;font-size: 18px;&quot;>4,465 Barcodes in Transaction table not in Products table&lt;/span>&lt;/p>"/><property name="dynamicHeight" value="false"/><property name="height" value="450"/><property name="columnWidthType" value="standard"/><property name="showTableFooter" value="true"/><property name="dataSampling" value="true"/><property name="automaticHeight" value="0"/><property name="tableStyleAndAppearance" value="{&quot;headers&quot;:{&quot;columns&quot;:{&quot;columns&quot;:{&quot;MrLK3WDn64R&quot;:{&quot;fontStyles&quot;:{}},&quot;AIPhNEQBKV9&quot;:{&quot;fontStyles&quot;:{}},&quot;wyjubbN02Ub&quot;:{&quot;fontStyles&quot;:{}}}},&quot;rows&quot;:{&quot;fontStyles&quot;:{}},&quot;subtotal&quot;:{&quot;fontStyles&quot;:{}},&quot;totals&quot;:{&quot;fontStyles&quot;:{}}},&quot;values&quot;:{&quot;content&quot;:{&quot;columns&quot;:{&quot;wyjubbN02Ub&quot;:{&quot;fontStyles&quot;:{}}}},&quot;subtotal&quot;:{&quot;fontStyles&quot;:{}},&quot;total&quot;:{&quot;fontStyles&quot;:{}}}}"/><property name="mergeCells" value="true"/><property name="showTitle" value="true"/><property name="description" value=""/><property name="insightBackgroundColor" value=""/><property name="numberOfElementsInRow" value="1"/><property name="_inheritFilters" value="true"/></properties><filter><cond dataType="long" field="Fetch.PRODUCTS_TAKEHOME.BARCODE" function="dimension" label="Barcode" op="IS_NULL"/><cond dataType="long" field="Fetch.TRANSACTION_TAKEHOME.BARCODE" function="dimension" label="Barcode" op="IS_NOT_NULL"/></filter><binding><row field="Fetch.PRODUCTS_TAKEHOME.BARCODE" label="Products Barcode" function="dimension" datatype="long" level="-1" id="MrLK3WDn64R"><properties><property name="url" value=""/><property name="showSubtotal" value="false"/></properties></row><row field="Fetch.TRANSACTION_TAKEHOME.BARCODE" label="Transaction Barcode" function="dimension" datatype="long" level="-1" id="AIPhNEQBKV9"><properties><property name="url" value=""/></properties></row><measure field="Fetch.TRANSACTION_TAKEHOME.FINAL_SALE" label="Final Sale" function="dimension" datatype="decimal(7,2)" level="-1" id="wyjubbN02Ub" aggregation="sum" runningTotal="false"><properties><property name="hideGrandTotal" value="false"/><property name="format" value="$###,##0.00"/></properties></measure></binding></table><graph id="984f3ff2-653c-4249-a28c-feb123d8dd11" maxRows="0" autoRefresh="false" width="auto" height="450" showLabels="false" showStackedLabels="false" logarithmic="false" type="rich-text" showStackedLabelsTotal="false"><defaultTables><defaultTable schema="Fetch" table="TRANSACTION_TAKEHOME"/><defaultTable schema="Fetch" table="PRODUCTS_TAKEHOME"/><defaultTable schema="Fetch" table="USER_TAKEHOME"/></defaultTables><properties><property name="widthScale" value="1"/><property name="borderStyle" value="{&quot;width&quot;:1,&quot;radius&quot;:0,&quot;color&quot;:&quot;&quot;,&quot;style&quot;:&quot;Solid&quot;,&quot;active&quot;:[true,true,true,true]}"/><property name="dynamicHeight" value="false"/><property name="height" value="450"/><property name="automaticHeight" value="0"/><property name="insightBackgroundColor" value=""/><property name="numberOfElementsInRow" value="1"/></properties><content><![CDATA[<div style="color: #000000; background-color: #fffffe; font-family: Consolas, 'Courier New', monospace; line-height: 19px; white-space: pre;">
<div style="line-height: 19px;">
<div style="line-height: 19px;">
<div><span style="color: #0000ff;">SELECT</span></div>
<div>&nbsp;&nbsp;&nbsp;&nbsp;<span style="color: #0000ff;">Fetch</span>.PRODUCTS_TAKEHOME.BARCODE&nbsp;<span style="color: #0000ff;">AS</span>&nbsp;"Products&nbsp;Barcode",</div>
<div>&nbsp;&nbsp;&nbsp;&nbsp;<span style="color: #0000ff;">Fetch</span>.TRANSACTION_TAKEHOME.BARCODE&nbsp;<span style="color: #0000ff;">AS</span>&nbsp;"Transaction&nbsp;Barcode",(<span style="color: #ff00ff;">SUM</span>(<span style="color: #0000ff;">Fetch</span>.TRANSACTION_TAKEHOME.FINAL_SALE))&nbsp;<span style="color: #0000ff;">AS</span>&nbsp;"Final&nbsp;Sale"</div>
<div><span style="color: #0000ff;">FROM</span></div>
<div>&nbsp;&nbsp;&nbsp;&nbsp;(</div>
<div>&nbsp;&nbsp;&nbsp;&nbsp;&nbsp;&nbsp;&nbsp;&nbsp;<span style="color: #0000ff;">Fetch</span>.TRANSACTION_TAKEHOME</div>
<div>&nbsp;&nbsp;&nbsp;&nbsp;&nbsp;&nbsp;&nbsp;&nbsp;<span style="color: #778899;">LEFT</span>&nbsp;<span style="color: #778899;">OUTER</span>&nbsp;<span style="color: #778899;">JOIN</span>&nbsp;<span style="color: #0000ff;">Fetch</span>.PRODUCTS_TAKEHOME&nbsp;<span style="color: #0000ff;">ON</span>&nbsp;(</div>
<div>&nbsp;&nbsp;&nbsp;&nbsp;&nbsp;&nbsp;&nbsp;&nbsp;&nbsp;&nbsp;&nbsp;&nbsp;<span style="color: #0000ff;">Fetch</span>.TRANSACTION_TAKEHOME.BARCODE&nbsp;<span style="color: #778899;">=</span>&nbsp;<span style="color: #0000ff;">Fetch</span>.PRODUCTS_TAKEHOME.BARCODE</div>
<div>&nbsp;&nbsp;&nbsp;&nbsp;&nbsp;&nbsp;&nbsp;&nbsp;)</div>
<div>&nbsp;&nbsp;&nbsp;&nbsp;)</div>
<div><span style="color: #0000ff;">WHERE</span></div>
<div>&nbsp;&nbsp;&nbsp;&nbsp;(</div>
<div>&nbsp;&nbsp;&nbsp;&nbsp;&nbsp;&nbsp;&nbsp;&nbsp;(<span style="color: #0000ff;">Fetch</span>.PRODUCTS_TAKEHOME.BARCODE&nbsp;<span style="color: #778899;">IS</span>&nbsp;<span style="color: #778899;">NULL</span>)</div>
<div>&nbsp;&nbsp;&nbsp;&nbsp;&nbsp;&nbsp;&nbsp;&nbsp;<span style="color: #778899;">AND</span>&nbsp;<span style="color: #0000ff;">CASE</span></div>
<div>&nbsp;&nbsp;&nbsp;&nbsp;&nbsp;&nbsp;&nbsp;&nbsp;&nbsp;&nbsp;&nbsp;&nbsp;<span style="color: #0000ff;">WHEN</span>&nbsp;(<span style="color: #0000ff;">Fetch</span>.TRANSACTION_TAKEHOME.BARCODE&nbsp;<span style="color: #778899;">IS</span>&nbsp;<span style="color: #778899;">NULL</span>)&nbsp;<span style="color: #0000ff;">THEN</span>&nbsp;<span style="color: #0000ff;">FALSE</span></div>
<div>&nbsp;&nbsp;&nbsp;&nbsp;&nbsp;&nbsp;&nbsp;&nbsp;&nbsp;&nbsp;&nbsp;&nbsp;<span style="color: #0000ff;">ELSE</span>&nbsp;<span style="color: #0000ff;">TRUE</span></div>
<div>&nbsp;&nbsp;&nbsp;&nbsp;&nbsp;&nbsp;&nbsp;&nbsp;<span style="color: #0000ff;">END</span></div>
<div>&nbsp;&nbsp;&nbsp;&nbsp;)</div>
<div><span style="color: #0000ff;">GROUP</span>&nbsp;<span style="color: #0000ff;">BY</span></div>
<div>&nbsp;&nbsp;&nbsp;&nbsp;<span style="color: #098658;">1</span>,</div>
<div>&nbsp;&nbsp;&nbsp;&nbsp;<span style="color: #098658;">2</span></div>
<div><span style="color: #0000ff;">ORDER</span>&nbsp;<span style="color: #0000ff;">BY</span></div>
<div>&nbsp;&nbsp;&nbsp;&nbsp;<span style="color: #098658;">1</span>&nbsp;<span style="color: #0000ff;">ASC</span>,</div>
<div>&nbsp;&nbsp;&nbsp;&nbsp;<span style="color: #098658;">2</span>&nbsp;<span style="color: #0000ff;">ASC</span>;</div>
</div>
</div>
</div>]]></content></graph><table id="4e20171f-9288-4e03-9745-9f3134e793ab" maxRows="1000" autoRefresh="true" maxRowsLimit="0" transpose="false" headers="true" fixedColumns="0" aggregation="false" total="false" subtotal="false" dynamicMeasures="false"><defaultTables><defaultTable schema="Fetch" table="TRANSACTION_TAKEHOME"/><defaultTable schema="Fetch" table="PRODUCTS_TAKEHOME"/><defaultTable schema="Fetch" table="USER_TAKEHOME"/></defaultTables><properties><property name="isNameHtml" value="true"/><property name="widthScale" value="1"/><property name="borderStyle" value="{&quot;width&quot;:1,&quot;radius&quot;:0,&quot;color&quot;:&quot;&quot;,&quot;style&quot;:&quot;Solid&quot;,&quot;active&quot;:[true,true,true,true]}"/><property name="instructions" value=""/><property name="caption" value="&lt;p>&lt;span style=&quot;font-size: 18px;&quot;>4,305 Transaction rows without Barcodes&lt;/span>&lt;/p>"/><property name="dynamicHeight" value="false"/><property name="height" value="450"/><property name="columnWidthType" value="standard"/><property name="showTableFooter" value="true"/><property name="dataSampling" value="false"/><property name="automaticHeight" value="0"/><property name="tableStyleAndAppearance" value="{}"/><property name="showTitle" value="true"/><property name="description" value=""/><property name="insightBackgroundColor" value=""/><property name="numberOfElementsInRow" value="1"/><property name="_inheritFilters" value="true"/></properties><filter><cond dataType="long" field="Fetch.TRANSACTION_TAKEHOME.BARCODE" function="dimension" label="Barcode" op="IS_NULL"/></filter><binding><row field="Fetch.TRANSACTION_TAKEHOME.RECEIPT_ID" label="Receipt Id" function="dimension" datatype="string" level="-1" id="MYGXHk59Eno"><properties><property name="url" value=""/><property name="showSubtotal" value="false"/></properties></row><row field="Fetch.TRANSACTION_TAKEHOME.BARCODE" label="Barcode" function="dimension" datatype="long" level="-1" id="-PEo2eorbE"><properties><property name="url" value=""/><property name="showSubtotal" value="false"/></properties></row><measure field="Fetch.TRANSACTION_TAKEHOME.FINAL_SALE" label="Final Sale" function="dimension" datatype="decimal(7,2)" level="-1" id="p5Mc97M-AkG" runningTotal="false"><properties><property name="url" value=""/><property name="format" value="$###,##0.00"/></properties></measure></binding></table><graph id="6f9fa2bd-6d0d-4317-9d9f-49b68ec77e67" maxRows="0" autoRefresh="false" width="auto" height="450" showLabels="false" showStackedLabels="false" logarithmic="false" type="rich-text" showStackedLabelsTotal="false"><defaultTables><defaultTable schema="Fetch" table="TRANSACTION_TAKEHOME"/><defaultTable schema="Fetch" table="PRODUCTS_TAKEHOME"/><defaultTable schema="Fetch" table="USER_TAKEHOME"/></defaultTables><properties><property name="widthScale" value="1"/><property name="borderStyle" value="{&quot;width&quot;:1,&quot;radius&quot;:0,&quot;color&quot;:&quot;&quot;,&quot;style&quot;:&quot;Solid&quot;,&quot;active&quot;:[true,true,true,true]}"/><property name="dynamicHeight" value="false"/><property name="height" value="450"/><property name="automaticHeight" value="0"/><property name="insightBackgroundColor" value=""/><property name="numberOfElementsInRow" value="1"/></properties><content><![CDATA[<div style="color: #000000; background-color: #fffffe; font-family: Consolas, 'Courier New', monospace; line-height: 19px; white-space: pre;">
<div><span style="color: #0000ff;">SELECT</span></div>
<div>&nbsp;&nbsp;&nbsp;&nbsp;"Fetch".TRANSACTION_TAKEHOME.RECEIPT_ID&nbsp;<span style="color: #0000ff;">AS</span>&nbsp;"Receipt_Id",</div>
<div>&nbsp;&nbsp;&nbsp;&nbsp;"Fetch".TRANSACTION_TAKEHOME.BARCODE&nbsp;<span style="color: #0000ff;">AS</span>&nbsp;"Barcode",</div>
<div>&nbsp;&nbsp;&nbsp;&nbsp;"Fetch".TRANSACTION_TAKEHOME.FINAL_SALE&nbsp;<span style="color: #0000ff;">AS</span>&nbsp;"Final_Sale"</div>
<div><span style="color: #0000ff;">FROM</span></div>
<div>&nbsp;&nbsp;&nbsp;&nbsp;"Fetch".TRANSACTION_TAKEHOME</div>
<div><span style="color: #0000ff;">WHERE</span></div>
<div>&nbsp;&nbsp;&nbsp;&nbsp;("Fetch".TRANSACTION_TAKEHOME.BARCODE&nbsp;<span style="color: #778899;">IS</span>&nbsp;<span style="color: #778899;">NULL</span>)</div>
<div><span style="color: #0000ff;">ORDER</span>&nbsp;<span style="color: #0000ff;">BY</span></div>
<div>&nbsp;&nbsp;&nbsp;&nbsp;<span style="color: #098658;">1</span>&nbsp;<span style="color: #0000ff;">ASC</span>,</div>
<div>&nbsp;&nbsp;&nbsp;&nbsp;<span style="color: #098658;">2</span>&nbsp;<span style="color: #0000ff;">ASC</span>;</div>
</div>]]></content></graph><table id="de116eca-7361-4575-8499-72296723f12f" maxRows="1000" autoRefresh="true" maxRowsLimit="0" transpose="false" headers="true" fixedColumns="0" aggregation="true" total="true" subtotal="false" dynamicMeasures="false"><defaultTables><defaultTable schema="Fetch" table="TRANSACTION_TAKEHOME"/><defaultTable schema="Fetch" table="PRODUCTS_TAKEHOME"/><defaultTable schema="Fetch" table="USER_TAKEHOME"/></defaultTables><properties><property name="isNameHtml" value="true"/><property name="widthScale" value="1"/><property name="mergeColumns" value="false"/><property name="borderStyle" value="{&quot;width&quot;:1,&quot;radius&quot;:0,&quot;color&quot;:&quot;&quot;,&quot;style&quot;:&quot;Solid&quot;,&quot;active&quot;:[true,true,true,true]}"/><property name="instructions" value=""/><property name="caption" value="&lt;p>&lt;span style=&quot;font-size: 18px;&quot;>17,603 User IDs not in User List&lt;/span>&lt;/p>"/><property name="dynamicHeight" value="false"/><property name="height" value="450"/><property name="columnWidthType" value="standard"/><property name="showTableFooter" value="true"/><property name="dataSampling" value="false"/><property name="automaticHeight" value="0"/><property name="tableStyleAndAppearance" value="{}"/><property name="mergeCells" value="true"/><property name="showTitle" value="true"/><property name="description" value=""/><property name="insightBackgroundColor" value=""/><property name="numberOfElementsInRow" value="1"/><property name="_inheritFilters" value="true"/></properties><filter><cond dataType="string" field="Fetch.USER_TAKEHOME.ID" function="dimension" label="Id" op="IS_NULL"/></filter><binding><row field="Fetch.USER_TAKEHOME.ID" label="Id" function="dimension" datatype="string" level="-1" id="yvOsEkjR28W"><properties><property name="url" value=""/><property name="showSubtotal" value="false"/></properties></row><row field="Fetch.TRANSACTION_TAKEHOME.USER_ID" label="Transaction User Id" function="dimension" datatype="string" level="-1" id="JbPkGg6yLhy"><properties><property name="url" value=""/></properties></row><measure field="Fetch.TRANSACTION_TAKEHOME.FINAL_SALE" label="Final Sale" function="dimension" datatype="decimal(7,2)" level="-1" id="Zqs6FL9r6a" aggregation="sum" runningTotal="false"><properties><property name="hideGrandTotal" value="false"/><property name="format" value="$###,##0.00"/></properties></measure></binding></table><graph id="7afe2f76-eb0d-44ef-a705-fc1b39c4de6e" maxRows="0" autoRefresh="false" width="auto" height="450" showLabels="false" showStackedLabels="false" logarithmic="false" type="rich-text" showStackedLabelsTotal="false"><defaultTables><defaultTable schema="Fetch" table="TRANSACTION_TAKEHOME"/><defaultTable schema="Fetch" table="PRODUCTS_TAKEHOME"/><defaultTable schema="Fetch" table="USER_TAKEHOME"/></defaultTables><properties><property name="widthScale" value="1"/><property name="borderStyle" value="{&quot;width&quot;:1,&quot;radius&quot;:0,&quot;color&quot;:&quot;&quot;,&quot;style&quot;:&quot;Solid&quot;,&quot;active&quot;:[true,true,true,true]}"/><property name="dynamicHeight" value="false"/><property name="height" value="450"/><property name="automaticHeight" value="0"/><property name="insightBackgroundColor" value=""/><property name="numberOfElementsInRow" value="1"/></properties><content><![CDATA[<div style="color: #000000; background-color: #fffffe; font-family: Consolas, 'Courier New', monospace; line-height: 19px; white-space: pre;">
<div style="line-height: 19px;">
<div><span style="color: #0000ff;">SELECT</span></div>
<div>&nbsp;&nbsp;&nbsp;&nbsp;<span style="color: #0000ff;">Fetch</span>.USER_TAKEHOME.ID&nbsp;<span style="color: #0000ff;">AS</span>&nbsp;"Id",</div>
<div>&nbsp;&nbsp;&nbsp;&nbsp;<span style="color: #0000ff;">Fetch</span>.TRANSACTION_TAKEHOME.<span style="color: #ff00ff;">USER_ID</span>&nbsp;<span style="color: #0000ff;">AS</span>&nbsp;"Transaction&nbsp;User&nbsp;Id",(<span style="color: #ff00ff;">SUM</span>(<span style="color: #0000ff;">Fetch</span>.TRANSACTION_TAKEHOME.FINAL_SALE))&nbsp;<span style="color: #0000ff;">AS</span>&nbsp;"Final&nbsp;Sale"</div>
<div><span style="color: #0000ff;">FROM</span></div>
<div>&nbsp;&nbsp;&nbsp;&nbsp;(</div>
<div>&nbsp;&nbsp;&nbsp;&nbsp;&nbsp;&nbsp;&nbsp;&nbsp;<span style="color: #0000ff;">Fetch</span>.TRANSACTION_TAKEHOME</div>
<div>&nbsp;&nbsp;&nbsp;&nbsp;&nbsp;&nbsp;&nbsp;&nbsp;<span style="color: #778899;">LEFT</span>&nbsp;<span style="color: #778899;">OUTER</span>&nbsp;<span style="color: #778899;">JOIN</span>&nbsp;<span style="color: #0000ff;">Fetch</span>.USER_TAKEHOME&nbsp;<span style="color: #0000ff;">ON</span>&nbsp;(</div>
<div>&nbsp;&nbsp;&nbsp;&nbsp;&nbsp;&nbsp;&nbsp;&nbsp;&nbsp;&nbsp;&nbsp;&nbsp;<span style="color: #0000ff;">Fetch</span>.TRANSACTION_TAKEHOME.<span style="color: #ff00ff;">USER_ID</span>&nbsp;<span style="color: #778899;">=</span>&nbsp;<span style="color: #0000ff;">Fetch</span>.USER_TAKEHOME.ID</div>
<div>&nbsp;&nbsp;&nbsp;&nbsp;&nbsp;&nbsp;&nbsp;&nbsp;)</div>
<div>&nbsp;&nbsp;&nbsp;&nbsp;)</div>
<div><span style="color: #0000ff;">WHERE</span></div>
<div>&nbsp;&nbsp;&nbsp;&nbsp;(<span style="color: #0000ff;">Fetch</span>.USER_TAKEHOME.ID&nbsp;<span style="color: #778899;">IS</span>&nbsp;<span style="color: #778899;">NULL</span>)</div>
<div><span style="color: #0000ff;">GROUP</span>&nbsp;<span style="color: #0000ff;">BY</span></div>
<div>&nbsp;&nbsp;&nbsp;&nbsp;<span style="color: #098658;">1</span>,</div>
<div>&nbsp;&nbsp;&nbsp;&nbsp;<span style="color: #098658;">2</span></div>
<div><span style="color: #0000ff;">ORDER</span>&nbsp;<span style="color: #0000ff;">BY</span></div>
<div>&nbsp;&nbsp;&nbsp;&nbsp;<span style="color: #098658;">1</span>&nbsp;<span style="color: #0000ff;">ASC</span>,</div>
<div>&nbsp;&nbsp;&nbsp;&nbsp;<span style="color: #098658;">2</span>&nbsp;<span style="color: #0000ff;">ASC</span>;</div>
</div>
</div>]]></content></graph><table id="e2abfeb5-d860-478f-b27c-4e09e51b6771" maxRows="1000" autoRefresh="true" maxRowsLimit="0" transpose="false" headers="true" fixedColumns="0" aggregation="true" total="false" subtotal="false" dynamicMeasures="false"><defaultTables><defaultTable schema="Fetch" table="TRANSACTION_TAKEHOME"/><defaultTable schema="Fetch" table="PRODUCTS_TAKEHOME"/><defaultTable schema="Fetch" table="USER_TAKEHOME"/></defaultTables><properties><property name="isNameHtml" value="true"/><property name="widthScale" value="1"/><property name="mergeColumns" value="false"/><property name="borderStyle" value="{&quot;width&quot;:1,&quot;radius&quot;:0,&quot;color&quot;:&quot;&quot;,&quot;style&quot;:&quot;Solid&quot;,&quot;active&quot;:[true,true,true,true]}"/><property name="instructions" value=""/><property name="caption" value="&lt;p>&lt;span style=&quot;font-size: 18px;&quot;>Of the 91 User IDs included in the User List, only 1 is missing a birthday.&lt;/span>&lt;/p>"/><property name="dynamicHeight" value="false"/><property name="height" value="450"/><property name="columnWidthType" value="standard"/><property name="showTableFooter" value="true"/><property name="dataSampling" value="false"/><property name="automaticHeight" value="0"/><property name="tableStyleAndAppearance" value="{}"/><property name="mergeCells" value="true"/><property name="showTitle" value="true"/><property name="description" value=""/><property name="insightBackgroundColor" value=""/><property name="numberOfElementsInRow" value="1"/><property name="_inheritFilters" value="true"/></properties><filter><cond dataType="string" field="Fetch.USER_TAKEHOME.ID" function="dimension" label="Id" op="IS_NOT_NULL"/><cond dataType="timestamp" field="Fetch.USER_TAKEHOME.BIRTH_DATE" function="dimension" label="Birth Date" op="IS_NULL"/></filter><binding><row field="Fetch.USER_TAKEHOME.BIRTH_DATE" label="Birth Date" function="dimension" datatype="timestamp" level="-1" id="WajGdJMr4G"><properties><property name="url" value=""/><property name="showSubtotal" value="false"/><property name="dateFormat" value="INHERIT"/></properties></row><row field="Fetch.USER_TAKEHOME.ID" label="Id" function="dimension" datatype="string" level="-1" id="yvOsEkjR28W"><properties><property name="url" value=""/><property name="showSubtotal" value="false"/></properties></row><row field="Fetch.TRANSACTION_TAKEHOME.USER_ID" label="Transaction User Id" function="dimension" datatype="string" level="-1" id="JbPkGg6yLhy"><properties><property name="url" value=""/></properties></row><measure field="Fetch.TRANSACTION_TAKEHOME.FINAL_SALE" label="Final Sale" function="dimension" datatype="decimal(7,2)" level="-1" id="Zqs6FL9r6a" aggregation="sum" runningTotal="false"><properties><property name="format" value="$###,##0.00"/></properties></measure></binding></table><graph id="47fa66d3-510a-46cd-bcaa-4c48c7177fe9" maxRows="0" autoRefresh="false" width="auto" height="450" showLabels="false" showStackedLabels="false" logarithmic="false" type="rich-text" showStackedLabelsTotal="false"><defaultTables><defaultTable schema="Fetch" table="TRANSACTION_TAKEHOME"/><defaultTable schema="Fetch" table="PRODUCTS_TAKEHOME"/><defaultTable schema="Fetch" table="USER_TAKEHOME"/></defaultTables><properties><property name="widthScale" value="1"/><property name="borderStyle" value="{&quot;width&quot;:1,&quot;radius&quot;:0,&quot;color&quot;:&quot;&quot;,&quot;style&quot;:&quot;Solid&quot;,&quot;active&quot;:[true,true,true,true]}"/><property name="dynamicHeight" value="false"/><property name="height" value="450"/><property name="automaticHeight" value="0"/><property name="insightBackgroundColor" value=""/><property name="numberOfElementsInRow" value="1"/></properties><content><![CDATA[<div style="color: #000000; background-color: #fffffe; font-family: Consolas, 'Courier New', monospace; line-height: 19px; white-space: pre;">
<div style="line-height: 19px;">
<div style="line-height: 19px;">
<div><span style="color: #0000ff;">SELECT</span></div>
<div>&nbsp;&nbsp;&nbsp;&nbsp;<span style="color: #0000ff;">Fetch</span>.USER_TAKEHOME.BIRTH_DATE&nbsp;<span style="color: #0000ff;">AS</span>&nbsp;"Birth&nbsp;Date",</div>
<div>&nbsp;&nbsp;&nbsp;&nbsp;<span style="color: #0000ff;">Fetch</span>.USER_TAKEHOME.ID&nbsp;<span style="color: #0000ff;">AS</span>&nbsp;"Id",</div>
<div>&nbsp;&nbsp;&nbsp;&nbsp;<span style="color: #0000ff;">Fetch</span>.TRANSACTION_TAKEHOME.<span style="color: #ff00ff;">USER_ID</span>&nbsp;<span style="color: #0000ff;">AS</span>&nbsp;"Transaction&nbsp;User&nbsp;Id",(<span style="color: #ff00ff;">SUM</span>(<span style="color: #0000ff;">Fetch</span>.TRANSACTION_TAKEHOME.FINAL_SALE))&nbsp;<span style="color: #0000ff;">AS</span>&nbsp;"Final&nbsp;Sale"</div>
<div><span style="color: #0000ff;">FROM</span></div>
<div>&nbsp;&nbsp;&nbsp;&nbsp;(</div>
<div>&nbsp;&nbsp;&nbsp;&nbsp;&nbsp;&nbsp;&nbsp;&nbsp;<span style="color: #0000ff;">Fetch</span>.TRANSACTION_TAKEHOME</div>
<div>&nbsp;&nbsp;&nbsp;&nbsp;&nbsp;&nbsp;&nbsp;&nbsp;<span style="color: #778899;">LEFT</span>&nbsp;<span style="color: #778899;">OUTER</span>&nbsp;<span style="color: #778899;">JOIN</span>&nbsp;<span style="color: #0000ff;">Fetch</span>.USER_TAKEHOME&nbsp;<span style="color: #0000ff;">ON</span>&nbsp;(</div>
<div>&nbsp;&nbsp;&nbsp;&nbsp;&nbsp;&nbsp;&nbsp;&nbsp;&nbsp;&nbsp;&nbsp;&nbsp;<span style="color: #0000ff;">Fetch</span>.TRANSACTION_TAKEHOME.<span style="color: #ff00ff;">USER_ID</span>&nbsp;<span style="color: #778899;">=</span>&nbsp;<span style="color: #0000ff;">Fetch</span>.USER_TAKEHOME.ID</div>
<div>&nbsp;&nbsp;&nbsp;&nbsp;&nbsp;&nbsp;&nbsp;&nbsp;)</div>
<div>&nbsp;&nbsp;&nbsp;&nbsp;)</div>
<div><span style="color: #0000ff;">WHERE</span></div>
<div>&nbsp;&nbsp;&nbsp;&nbsp;(</div>
<div>&nbsp;&nbsp;&nbsp;&nbsp;&nbsp;&nbsp;&nbsp;&nbsp;<span style="color: #0000ff;">CASE</span></div>
<div>&nbsp;&nbsp;&nbsp;&nbsp;&nbsp;&nbsp;&nbsp;&nbsp;&nbsp;&nbsp;&nbsp;&nbsp;<span style="color: #0000ff;">WHEN</span>&nbsp;(<span style="color: #0000ff;">Fetch</span>.USER_TAKEHOME.ID&nbsp;<span style="color: #778899;">IS</span>&nbsp;<span style="color: #778899;">NULL</span>)&nbsp;<span style="color: #0000ff;">THEN</span>&nbsp;<span style="color: #0000ff;">FALSE</span></div>
<div>&nbsp;&nbsp;&nbsp;&nbsp;&nbsp;&nbsp;&nbsp;&nbsp;&nbsp;&nbsp;&nbsp;&nbsp;<span style="color: #0000ff;">ELSE</span>&nbsp;<span style="color: #0000ff;">TRUE</span></div>
<div>&nbsp;&nbsp;&nbsp;&nbsp;&nbsp;&nbsp;&nbsp;&nbsp;<span style="color: #0000ff;">END</span></div>
<div>&nbsp;&nbsp;&nbsp;&nbsp;&nbsp;&nbsp;&nbsp;&nbsp;<span style="color: #778899;">AND</span>&nbsp;(<span style="color: #0000ff;">Fetch</span>.USER_TAKEHOME.BIRTH_DATE&nbsp;<span style="color: #778899;">IS</span>&nbsp;<span style="color: #778899;">NULL</span>)</div>
<div>&nbsp;&nbsp;&nbsp;&nbsp;)</div>
<div><span style="color: #0000ff;">GROUP</span>&nbsp;<span style="color: #0000ff;">BY</span></div>
<div>&nbsp;&nbsp;&nbsp;&nbsp;<span style="color: #098658;">1</span>,</div>
<div>&nbsp;&nbsp;&nbsp;&nbsp;<span style="color: #098658;">2</span>,</div>
<div>&nbsp;&nbsp;&nbsp;&nbsp;<span style="color: #098658;">3</span></div>
<div><span style="color: #0000ff;">ORDER</span>&nbsp;<span style="color: #0000ff;">BY</span></div>
<div>&nbsp;&nbsp;&nbsp;&nbsp;<span style="color: #098658;">1</span>&nbsp;<span style="color: #0000ff;">ASC</span>,</div>
<div>&nbsp;&nbsp;&nbsp;&nbsp;<span style="color: #098658;">2</span>&nbsp;<span style="color: #0000ff;">ASC</span>,</div>
<div>&nbsp;&nbsp;&nbsp;&nbsp;<span style="color: #098658;">3</span>&nbsp;<span style="color: #0000ff;">ASC</span>;</div>
</div>
</div>
</div>]]></content></graph></layout><layout name="Second Exercise" guid="d5e1b97e-a218-4a11-85cc-4a5fbffba4f3" definition="{&quot;type&quot;:&quot;column&quot;,&quot;children&quot;:[{&quot;id&quot;:&quot;i8NUb7aVo&quot;,&quot;type&quot;:&quot;insight&quot;,&quot;height&quot;:&quot;414px&quot;,&quot;insightId&quot;:&quot;11aaba4c-e150-44dd-ac39-c513444a1f77&quot;,&quot;dynamicHeight&quot;:false},{&quot;id&quot;:&quot;5XSkMH3wLj&quot;,&quot;type&quot;:&quot;row&quot;,&quot;height&quot;:&quot;826px&quot;,&quot;children&quot;:[{&quot;id&quot;:&quot;1oqwNKPvy&quot;,&quot;type&quot;:&quot;insight&quot;,&quot;ratio&quot;:0.9004629629629629,&quot;insightId&quot;:&quot;99bf72ed-41d2-429e-80b5-212c5126952a&quot;},{&quot;id&quot;:&quot;hYC4ReUkJ&quot;,&quot;type&quot;:&quot;insight&quot;,&quot;ratio&quot;:1.099537037037037,&quot;insightId&quot;:&quot;48532f98-f29c-4f4f-a7c4-d9541c87e42c&quot;}],&quot;dynamicHeight&quot;:false},{&quot;id&quot;:&quot;FboApkDTaI&quot;,&quot;type&quot;:&quot;row&quot;,&quot;height&quot;:&quot;790px&quot;,&quot;children&quot;:[{&quot;id&quot;:&quot;Dzc8S3TT6o&quot;,&quot;type&quot;:&quot;insight&quot;,&quot;ratio&quot;:1.0,&quot;insightId&quot;:&quot;fdcce3d6-4710-4410-8de3-0930f5062e9f&quot;},{&quot;id&quot;:&quot;EzbWPrv_q&quot;,&quot;type&quot;:&quot;insight&quot;,&quot;ratio&quot;:1.0,&quot;insightId&quot;:&quot;b3d35b00-178e-4a97-9129-5f31827670c2&quot;}],&quot;dynamicHeight&quot;:false},{&quot;id&quot;:&quot;_zl2JItpf&quot;,&quot;type&quot;:&quot;insight&quot;,&quot;height&quot;:&quot;502&quot;,&quot;insightId&quot;:&quot;1f8d1cf1-3062-43be-b5e4-fcbc993bc286&quot;,&quot;dynamicHeight&quot;:false},{&quot;id&quot;:&quot;tonNCtE02&quot;,&quot;type&quot;:&quot;insight&quot;,&quot;height&quot;:&quot;502&quot;,&quot;insightId&quot;:&quot;82e5a6f8-d659-4de5-b521-efe2d679f7e8&quot;,&quot;dynamicHeight&quot;:false},{&quot;id&quot;:&quot;61iHS3rYSK&quot;,&quot;type&quot;:&quot;row&quot;,&quot;height&quot;:&quot;450&quot;,&quot;children&quot;:[{&quot;id&quot;:&quot;1isJUJGDK&quot;,&quot;type&quot;:&quot;insight&quot;,&quot;ratio&quot;:1.0,&quot;insightId&quot;:&quot;c95944f8-76d7-4618-b9fb-b59f45b6a8e6&quot;},{&quot;id&quot;:&quot;aLxaUa2Hw&quot;,&quot;type&quot;:&quot;insight&quot;,&quot;ratio&quot;:1.0,&quot;insightId&quot;:&quot;ca5bfa30-2be5-4420-bd33-c66661f24f57&quot;}],&quot;dynamicHeight&quot;:false}],&quot;settings&quot;:{&quot;background&quot;:{&quot;color&quot;:&quot;&quot;},&quot;gutter&quot;:0}}"><graph id="11aaba4c-e150-44dd-ac39-c513444a1f77" maxRows="0" autoRefresh="false" width="auto" height="450" showLabels="false" showStackedLabels="false" logarithmic="false" type="rich-text" showStackedLabelsTotal="false"><defaultTables><defaultTable schema="Fetch" table="TRANSACTION_TAKEHOME"/><defaultTable schema="Fetch" table="PRODUCTS_TAKEHOME"/><defaultTable schema="Fetch" table="USER_TAKEHOME"/></defaultTables><properties><property name="widthScale" value="1"/><property name="borderStyle" value="{&quot;width&quot;:1,&quot;radius&quot;:0,&quot;color&quot;:&quot;&quot;,&quot;style&quot;:&quot;Solid&quot;,&quot;active&quot;:[true,true,true,true]}"/><property name="dynamicHeight" value="false"/><property name="height" value="450"/><property name="automaticHeight" value="0"/><property name="insightBackgroundColor" value=""/><property name="numberOfElementsInRow" value="1"/></properties><content><![CDATA[<h3 style="font-size: 20px; color: #000000; font-family: Arial, Helvetica, sans-serif;">Second: provide SQL queries</h3>
<h4 style="font-size: medium; color: #000000; font-family: Arial, Helvetica, sans-serif;">Answer three of the following questions with at least one question coming from the closed-ended and one from the open-ended question set. Each question should be answered using one query.</h4>
<h4 style="font-size: medium; color: #000000; font-family: Arial, Helvetica, sans-serif;">Closed-ended questions:</h4>
<ul style="color: #000000; font-family: Arial, Helvetica, sans-serif; font-size: medium;">
<li><em>What are the top 5 brands by receipts scanned among users 21 and over?</em></li>
<li><em>What are the top 5 brands by sales among users that have had their account for at least six months?</em></li>
<li><span style="text-decoration: line-through;">What is the percentage of sales in the Health &amp; Wellness category by generation?</span></li>
</ul>
<h4 style="font-size: medium; color: #000000; font-family: Arial, Helvetica, sans-serif;">Open-ended questions: for these, make assumptions and clearly state them when answering the question.</h4>
<ul style="color: #000000; font-family: Arial, Helvetica, sans-serif; font-size: medium;">
<li><span style="text-decoration: line-through;">Who are Fetch&rsquo;s power users?</span></li>
<li><em>Which is the leading brand in the Dips &amp; Salsa category?</em></li>
<li><span style="text-decoration: line-through;">At what percent has Fetch grown year over year?</span></li>
</ul>]]></content></graph><graph id="99bf72ed-41d2-429e-80b5-212c5126952a" maxRows="5" autoRefresh="true" width="auto" height="450" showLabels="false" showStackedLabels="true" logarithmic="false" type="bar" showStackedLabelsTotal="false"><defaultTables><defaultTable schema="Fetch" table="TRANSACTION_TAKEHOME"/><defaultTable schema="Fetch" table="PRODUCTS_TAKEHOME"/><defaultTable schema="Fetch" table="USER_TAKEHOME"/></defaultTables><properties><property name="isNameHtml" value="true"/><property name="widthScale" value="1"/><property name="borderStyle" value="{&quot;width&quot;:1,&quot;radius&quot;:0,&quot;color&quot;:&quot;&quot;,&quot;style&quot;:&quot;Solid&quot;,&quot;active&quot;:[true,true,true,true]}"/><property name="instructions" value=""/><property name="caption" value="&lt;ul style=&quot;color: #000000; font-family: Arial, Helvetica, sans-serif; font-size: medium;&quot;> &lt;li>What are the top 5 brands by receipts scanned among users 21 and over?&lt;/li> &lt;/ul>"/><property name="dynamicHeight" value="false"/><property name="height" value="450"/><property name="showGrids" value="true"/><property name="markPoints" value="all"/><property name="dataSampling" value="true"/><property name="automaticHeight" value="0"/><property name="xAxis" value="true"/><property name="showXAxisTick" value="true"/><property name="yAxis" value="true"/><property name="showTitle" value="true"/><property name="description" value=""/><property name="insightBackgroundColor" value=""/><property name="numberOfElementsInRow" value="1"/><property name="yAxisTitle" value="true"/><property name="_inheritFilters" value="true"/><property name="xAxisTitle" value="true"/></properties><filter><cond dataType="timestamp" field="Fetch.USER_TAKEHOME.BIRTH_DATE" function="dimension" label="Birth Date" op="BETWEEN"><value>1890-01-01 00:00:00.000</value><value>2014-02-19 23:59:59.000</value></cond><cond dataType="string" field="Fetch.PRODUCTS_TAKEHOME.BRAND" function="dimension" label="Brand" op="IS_NOT_NULL"/></filter><binding><row field="Fetch.PRODUCTS_TAKEHOME.BRAND" label="Brand" function="dimension" datatype="string" level="-1" id="_HVIRgaX_T"><sorting><sort field="Fetch.TRANSACTION_TAKEHOME.FINAL_QUANTITY" dir="desc" label="Final Quantity" function="dimension"/></sorting></row><measure field="Fetch.TRANSACTION_TAKEHOME.FINAL_QUANTITY" label="Final Quantity" function="dimension" datatype="string" level="-1" id="z75HgtryvN" aggregation="count" runningTotal="false"><format color="#B35681"/><properties><property name="format" value="0.##"/><property name="abbreviation" value="auto"/><property name="showNumberScale" value="true"/></properties></measure></binding><format showLegend="0" legendPosition="auto"/></graph><graph id="48532f98-f29c-4f4f-a7c4-d9541c87e42c" maxRows="0" autoRefresh="false" width="auto" height="450" showLabels="false" showStackedLabels="false" logarithmic="false" type="rich-text" showStackedLabelsTotal="false"><defaultTables><defaultTable schema="Fetch" table="TRANSACTION_TAKEHOME"/><defaultTable schema="Fetch" table="PRODUCTS_TAKEHOME"/><defaultTable schema="Fetch" table="USER_TAKEHOME"/></defaultTables><properties><property name="widthScale" value="1"/><property name="borderStyle" value="{&quot;width&quot;:1,&quot;radius&quot;:0,&quot;color&quot;:&quot;&quot;,&quot;style&quot;:&quot;Solid&quot;,&quot;active&quot;:[true,true,true,true]}"/><property name="dynamicHeight" value="false"/><property name="height" value="450"/><property name="automaticHeight" value="0"/><property name="insightBackgroundColor" value=""/><property name="numberOfElementsInRow" value="1"/></properties><content><![CDATA[<div style="color: #000000; background-color: #fffffe; font-family: Consolas, 'Courier New', monospace; line-height: 19px; white-space: pre;">
<div style="line-height: 19px;">
<div><span style="color: #0000ff;">SELECT</span></div>
<div>&nbsp;&nbsp;&nbsp;&nbsp;<span style="color: #0000ff;">Fetch</span>.PRODUCTS_TAKEHOME.BRAND&nbsp;<span style="color: #0000ff;">AS</span>&nbsp;"Brand",(<span style="color: #ff00ff;">COUNT</span>(<span style="color: #0000ff;">Fetch</span>.TRANSACTION_TAKEHOME.FINAL_QUANTITY))&nbsp;<span style="color: #0000ff;">AS</span>&nbsp;"Final&nbsp;Quantity"</div>
<div><span style="color: #0000ff;">FROM</span></div>
<div>&nbsp;&nbsp;&nbsp;&nbsp;(</div>
<div>&nbsp;&nbsp;&nbsp;&nbsp;&nbsp;&nbsp;&nbsp;&nbsp;(</div>
<div>&nbsp;&nbsp;&nbsp;&nbsp;&nbsp;&nbsp;&nbsp;&nbsp;&nbsp;&nbsp;&nbsp;&nbsp;<span style="color: #0000ff;">Fetch</span>.TRANSACTION_TAKEHOME</div>
<div>&nbsp;&nbsp;&nbsp;&nbsp;&nbsp;&nbsp;&nbsp;&nbsp;&nbsp;&nbsp;&nbsp;&nbsp;<span style="color: #778899;">LEFT</span>&nbsp;<span style="color: #778899;">OUTER</span>&nbsp;<span style="color: #778899;">JOIN</span>&nbsp;<span style="color: #0000ff;">Fetch</span>.USER_TAKEHOME&nbsp;<span style="color: #0000ff;">ON</span>&nbsp;(</div>
<div>&nbsp;&nbsp;&nbsp;&nbsp;&nbsp;&nbsp;&nbsp;&nbsp;&nbsp;&nbsp;&nbsp;&nbsp;&nbsp;&nbsp;&nbsp;&nbsp;<span style="color: #0000ff;">Fetch</span>.TRANSACTION_TAKEHOME.<span style="color: #ff00ff;">USER_ID</span>&nbsp;<span style="color: #778899;">=</span>&nbsp;<span style="color: #0000ff;">Fetch</span>.USER_TAKEHOME.ID</div>
<div>&nbsp;&nbsp;&nbsp;&nbsp;&nbsp;&nbsp;&nbsp;&nbsp;&nbsp;&nbsp;&nbsp;&nbsp;)</div>
<div>&nbsp;&nbsp;&nbsp;&nbsp;&nbsp;&nbsp;&nbsp;&nbsp;)</div>
<div>&nbsp;&nbsp;&nbsp;&nbsp;&nbsp;&nbsp;&nbsp;&nbsp;<span style="color: #778899;">LEFT</span>&nbsp;<span style="color: #778899;">OUTER</span>&nbsp;<span style="color: #778899;">JOIN</span>&nbsp;<span style="color: #0000ff;">Fetch</span>.PRODUCTS_TAKEHOME&nbsp;<span style="color: #0000ff;">ON</span>&nbsp;(</div>
<div>&nbsp;&nbsp;&nbsp;&nbsp;&nbsp;&nbsp;&nbsp;&nbsp;&nbsp;&nbsp;&nbsp;&nbsp;<span style="color: #0000ff;">Fetch</span>.TRANSACTION_TAKEHOME.BARCODE&nbsp;<span style="color: #778899;">=</span>&nbsp;<span style="color: #0000ff;">Fetch</span>.PRODUCTS_TAKEHOME.BARCODE</div>
<div>&nbsp;&nbsp;&nbsp;&nbsp;&nbsp;&nbsp;&nbsp;&nbsp;)</div>
<div>&nbsp;&nbsp;&nbsp;&nbsp;)</div>
<div><span style="color: #0000ff;">WHERE</span></div>
<div>&nbsp;&nbsp;&nbsp;&nbsp;(</div>
<div>&nbsp;&nbsp;&nbsp;&nbsp;&nbsp;&nbsp;&nbsp;&nbsp;(</div>
<div>&nbsp;&nbsp;&nbsp;&nbsp;&nbsp;&nbsp;&nbsp;&nbsp;&nbsp;&nbsp;&nbsp;&nbsp;<span style="color: #0000ff;">Fetch</span>.USER_TAKEHOME.BIRTH_DATE&nbsp;<span style="color: #778899;">BETWEEN</span>&nbsp;(</div>
<div>&nbsp;&nbsp;&nbsp;&nbsp;&nbsp;&nbsp;&nbsp;&nbsp;&nbsp;&nbsp;&nbsp;&nbsp;&nbsp;&nbsp;&nbsp;&nbsp;TO_TIMESTAMP(</div>
<div>&nbsp;&nbsp;&nbsp;&nbsp;&nbsp;&nbsp;&nbsp;&nbsp;&nbsp;&nbsp;&nbsp;&nbsp;&nbsp;&nbsp;&nbsp;&nbsp;&nbsp;&nbsp;&nbsp;&nbsp;<span style="color: #ff0000;">'1890-01-01&nbsp;00:00:00.000'</span>,</div>
<div>&nbsp;&nbsp;&nbsp;&nbsp;&nbsp;&nbsp;&nbsp;&nbsp;&nbsp;&nbsp;&nbsp;&nbsp;&nbsp;&nbsp;&nbsp;&nbsp;&nbsp;&nbsp;&nbsp;&nbsp;<span style="color: #ff0000;">'yyyy-MM-dd&nbsp;HH:mm:ss.SSS'</span></div>
<div>&nbsp;&nbsp;&nbsp;&nbsp;&nbsp;&nbsp;&nbsp;&nbsp;&nbsp;&nbsp;&nbsp;&nbsp;&nbsp;&nbsp;&nbsp;&nbsp;)</div>
<div>&nbsp;&nbsp;&nbsp;&nbsp;&nbsp;&nbsp;&nbsp;&nbsp;&nbsp;&nbsp;&nbsp;&nbsp;)</div>
<div>&nbsp;&nbsp;&nbsp;&nbsp;&nbsp;&nbsp;&nbsp;&nbsp;&nbsp;&nbsp;&nbsp;&nbsp;<span style="color: #778899;">AND</span>&nbsp;(</div>
<div>&nbsp;&nbsp;&nbsp;&nbsp;&nbsp;&nbsp;&nbsp;&nbsp;&nbsp;&nbsp;&nbsp;&nbsp;&nbsp;&nbsp;&nbsp;&nbsp;TO_TIMESTAMP(</div>
<div>&nbsp;&nbsp;&nbsp;&nbsp;&nbsp;&nbsp;&nbsp;&nbsp;&nbsp;&nbsp;&nbsp;&nbsp;&nbsp;&nbsp;&nbsp;&nbsp;&nbsp;&nbsp;&nbsp;&nbsp;<span style="color: #ff0000;">'2014-02-19&nbsp;23:59:59.000'</span>,</div>
<div>&nbsp;&nbsp;&nbsp;&nbsp;&nbsp;&nbsp;&nbsp;&nbsp;&nbsp;&nbsp;&nbsp;&nbsp;&nbsp;&nbsp;&nbsp;&nbsp;&nbsp;&nbsp;&nbsp;&nbsp;<span style="color: #ff0000;">'yyyy-MM-dd&nbsp;HH:mm:ss.SSS'</span></div>
<div>&nbsp;&nbsp;&nbsp;&nbsp;&nbsp;&nbsp;&nbsp;&nbsp;&nbsp;&nbsp;&nbsp;&nbsp;&nbsp;&nbsp;&nbsp;&nbsp;)</div>
<div>&nbsp;&nbsp;&nbsp;&nbsp;&nbsp;&nbsp;&nbsp;&nbsp;&nbsp;&nbsp;&nbsp;&nbsp;)</div>
<div>&nbsp;&nbsp;&nbsp;&nbsp;&nbsp;&nbsp;&nbsp;&nbsp;)</div>
<div>&nbsp;&nbsp;&nbsp;&nbsp;&nbsp;&nbsp;&nbsp;&nbsp;<span style="color: #778899;">AND</span>&nbsp;<span style="color: #0000ff;">CASE</span></div>
<div>&nbsp;&nbsp;&nbsp;&nbsp;&nbsp;&nbsp;&nbsp;&nbsp;&nbsp;&nbsp;&nbsp;&nbsp;<span style="color: #0000ff;">WHEN</span>&nbsp;(<span style="color: #0000ff;">Fetch</span>.PRODUCTS_TAKEHOME.BRAND&nbsp;<span style="color: #778899;">IS</span>&nbsp;<span style="color: #778899;">NULL</span>)&nbsp;<span style="color: #0000ff;">THEN</span>&nbsp;<span style="color: #0000ff;">FALSE</span></div>
<div>&nbsp;&nbsp;&nbsp;&nbsp;&nbsp;&nbsp;&nbsp;&nbsp;&nbsp;&nbsp;&nbsp;&nbsp;<span style="color: #0000ff;">ELSE</span>&nbsp;<span style="color: #0000ff;">TRUE</span></div>
<div>&nbsp;&nbsp;&nbsp;&nbsp;&nbsp;&nbsp;&nbsp;&nbsp;<span style="color: #0000ff;">END</span></div>
<div>&nbsp;&nbsp;&nbsp;&nbsp;)</div>
<div><span style="color: #0000ff;">GROUP</span>&nbsp;<span style="color: #0000ff;">BY</span></div>
<div>&nbsp;&nbsp;&nbsp;&nbsp;<span style="color: #098658;">1</span></div>
<div><span style="color: #0000ff;">ORDER</span>&nbsp;<span style="color: #0000ff;">BY</span></div>
<div>&nbsp;&nbsp;&nbsp;&nbsp;<span style="color: #098658;">1</span>&nbsp;<span style="color: #0000ff;">ASC</span>;</div>
</div>
</div>]]></content></graph><graph id="fdcce3d6-4710-4410-8de3-0930f5062e9f" maxRows="5" autoRefresh="true" width="auto" height="450" showLabels="false" showStackedLabels="true" logarithmic="false" type="bar" showStackedLabelsTotal="false"><defaultTables><defaultTable schema="Fetch" table="TRANSACTION_TAKEHOME"/><defaultTable schema="Fetch" table="PRODUCTS_TAKEHOME"/><defaultTable schema="Fetch" table="USER_TAKEHOME"/></defaultTables><properties><property name="isNameHtml" value="true"/><property name="widthScale" value="1"/><property name="borderStyle" value="{&quot;width&quot;:1,&quot;radius&quot;:0,&quot;color&quot;:&quot;&quot;,&quot;style&quot;:&quot;Solid&quot;,&quot;active&quot;:[true,true,true,true]}"/><property name="instructions" value=""/><property name="caption" value="&lt;ul style=&quot;color: #000000; font-family: Arial, Helvetica, sans-serif; font-size: medium;&quot;> &lt;li>What are the top 5 brands by sales among users that have had their account for at least six months?&lt;/li> &lt;/ul>"/><property name="dynamicHeight" value="false"/><property name="height" value="450"/><property name="showGrids" value="true"/><property name="markPoints" value="all"/><property name="dataSampling" value="true"/><property name="automaticHeight" value="0"/><property name="xAxis" value="true"/><property name="showXAxisTick" value="true"/><property name="yAxis" value="true"/><property name="showTitle" value="true"/><property name="description" value=""/><property name="insightBackgroundColor" value=""/><property name="numberOfElementsInRow" value="1"/><property name="yAxisTitle" value="true"/><property name="_inheritFilters" value="true"/><property name="xAxisTitle" value="true"/></properties><filter><cond dataType="string" field="Fetch.PRODUCTS_TAKEHOME.BRAND" function="dimension" label="Brand" op="IS_NOT_NULL"/><cond dataType="timestamp" field="Fetch.USER_TAKEHOME.CREATED_DATE" function="dimension" label="Created Date" op="BETWEEN"><value>1890-01-01 00:00:00.000</value><value>2024-08-19 23:59:59.000</value></cond></filter><binding><row field="Fetch.PRODUCTS_TAKEHOME.BRAND" label="Brand" function="dimension" datatype="string" level="-1" id="vbBf_uCW5F"><sorting><sort field="Fetch.TRANSACTION_TAKEHOME.FINAL_SALE" dir="desc" label="Final Sale" function="dimension"/></sorting></row><measure field="Fetch.TRANSACTION_TAKEHOME.FINAL_SALE" label="Final Sale" function="dimension" datatype="decimal(7,2)" level="-1" id="wyjubbN02Ub" aggregation="sum" runningTotal="false"><format color="#B35681"/><properties><property name="format" value="$###,##0.00"/><property name="abbreviation" value="auto"/><property name="showNumberScale" value="true"/></properties></measure></binding><format showLegend="0" legendPosition="auto"/></graph><graph id="b3d35b00-178e-4a97-9129-5f31827670c2" maxRows="0" autoRefresh="false" width="auto" height="450" showLabels="false" showStackedLabels="false" logarithmic="false" type="rich-text" showStackedLabelsTotal="false"><defaultTables><defaultTable schema="Fetch" table="TRANSACTION_TAKEHOME"/><defaultTable schema="Fetch" table="PRODUCTS_TAKEHOME"/><defaultTable schema="Fetch" table="USER_TAKEHOME"/></defaultTables><properties><property name="widthScale" value="1"/><property name="borderStyle" value="{&quot;width&quot;:1,&quot;radius&quot;:0,&quot;color&quot;:&quot;&quot;,&quot;style&quot;:&quot;Solid&quot;,&quot;active&quot;:[true,true,true,true]}"/><property name="dynamicHeight" value="false"/><property name="height" value="450"/><property name="automaticHeight" value="0"/><property name="insightBackgroundColor" value=""/><property name="numberOfElementsInRow" value="1"/></properties><content><![CDATA[<div style="color: #000000; background-color: #fffffe; font-family: Consolas, 'Courier New', monospace; line-height: 19px; white-space: pre;">
<div style="line-height: 19px;">
<div><span style="color: #0000ff;">SELECT</span></div>
<div>&nbsp;&nbsp;&nbsp;&nbsp;<span style="color: #0000ff;">Fetch</span>.PRODUCTS_TAKEHOME.BRAND&nbsp;<span style="color: #0000ff;">AS</span>&nbsp;"Brand",(<span style="color: #ff00ff;">SUM</span>(<span style="color: #0000ff;">Fetch</span>.TRANSACTION_TAKEHOME.FINAL_SALE))&nbsp;<span style="color: #0000ff;">AS</span> "Final Sale"</div>
<div><span style="color: #0000ff;">FROM</span></div>
<div>&nbsp;&nbsp;&nbsp;&nbsp;(</div>
<div>&nbsp;&nbsp;&nbsp;&nbsp;&nbsp;&nbsp;&nbsp;&nbsp;(</div>
<div>&nbsp;&nbsp;&nbsp;&nbsp;&nbsp;&nbsp;&nbsp;&nbsp;&nbsp;&nbsp;&nbsp;&nbsp;<span style="color: #0000ff;">Fetch</span>.TRANSACTION_TAKEHOME</div>
<div>&nbsp;&nbsp;&nbsp;&nbsp;&nbsp;&nbsp;&nbsp;&nbsp;&nbsp;&nbsp;&nbsp;&nbsp;<span style="color: #778899;">LEFT</span>&nbsp;<span style="color: #778899;">OUTER</span>&nbsp;<span style="color: #778899;">JOIN</span>&nbsp;<span style="color: #0000ff;">Fetch</span>.USER_TAKEHOME&nbsp;<span style="color: #0000ff;">ON</span>&nbsp;(</div>
<div>&nbsp;&nbsp;&nbsp;&nbsp;&nbsp;&nbsp;&nbsp;&nbsp;&nbsp;&nbsp;&nbsp;&nbsp;&nbsp;&nbsp;&nbsp;&nbsp;<span style="color: #0000ff;">Fetch</span>.TRANSACTION_TAKEHOME.<span style="color: #ff00ff;">USER_ID</span>&nbsp;<span style="color: #778899;">=</span>&nbsp;<span style="color: #0000ff;">Fetch</span>.USER_TAKEHOME.ID</div>
<div>&nbsp;&nbsp;&nbsp;&nbsp;&nbsp;&nbsp;&nbsp;&nbsp;&nbsp;&nbsp;&nbsp;&nbsp;)</div>
<div>&nbsp;&nbsp;&nbsp;&nbsp;&nbsp;&nbsp;&nbsp;&nbsp;)</div>
<div>&nbsp;&nbsp;&nbsp;&nbsp;&nbsp;&nbsp;&nbsp;&nbsp;<span style="color: #778899;">LEFT</span>&nbsp;<span style="color: #778899;">OUTER</span>&nbsp;<span style="color: #778899;">JOIN</span>&nbsp;<span style="color: #0000ff;">Fetch</span>.PRODUCTS_TAKEHOME&nbsp;<span style="color: #0000ff;">ON</span>&nbsp;(</div>
<div>&nbsp;&nbsp;&nbsp;&nbsp;&nbsp;&nbsp;&nbsp;&nbsp;&nbsp;&nbsp;&nbsp;&nbsp;<span style="color: #0000ff;">Fetch</span>.TRANSACTION_TAKEHOME.BARCODE&nbsp;<span style="color: #778899;">=</span>&nbsp;<span style="color: #0000ff;">Fetch</span>.PRODUCTS_TAKEHOME.BARCODE</div>
<div>&nbsp;&nbsp;&nbsp;&nbsp;&nbsp;&nbsp;&nbsp;&nbsp;)</div>
<div>&nbsp;&nbsp;&nbsp;&nbsp;)</div>
<div><span style="color: #0000ff;">WHERE</span></div>
<div>&nbsp;&nbsp;&nbsp;&nbsp;(</div>
<div>&nbsp;&nbsp;&nbsp;&nbsp;&nbsp;&nbsp;&nbsp;&nbsp;<span style="color: #0000ff;">CASE</span></div>
<div>&nbsp;&nbsp;&nbsp;&nbsp;&nbsp;&nbsp;&nbsp;&nbsp;&nbsp;&nbsp;&nbsp;&nbsp;<span style="color: #0000ff;">WHEN</span>&nbsp;(<span style="color: #0000ff;">Fetch</span>.PRODUCTS_TAKEHOME.BRAND&nbsp;<span style="color: #778899;">IS</span>&nbsp;<span style="color: #778899;">NULL</span>)&nbsp;<span style="color: #0000ff;">THEN</span>&nbsp;<span style="color: #0000ff;">FALSE</span></div>
<div>&nbsp;&nbsp;&nbsp;&nbsp;&nbsp;&nbsp;&nbsp;&nbsp;&nbsp;&nbsp;&nbsp;&nbsp;<span style="color: #0000ff;">ELSE</span>&nbsp;<span style="color: #0000ff;">TRUE</span></div>
<div>&nbsp;&nbsp;&nbsp;&nbsp;&nbsp;&nbsp;&nbsp;&nbsp;<span style="color: #0000ff;">END</span></div>
<div>&nbsp;&nbsp;&nbsp;&nbsp;&nbsp;&nbsp;&nbsp;&nbsp;<span style="color: #778899;">AND</span>&nbsp;(</div>
<div>&nbsp;&nbsp;&nbsp;&nbsp;&nbsp;&nbsp;&nbsp;&nbsp;&nbsp;&nbsp;&nbsp;&nbsp;<span style="color: #0000ff;">Fetch</span>.USER_TAKEHOME.CREATED_DATE&nbsp;<span style="color: #778899;">BETWEEN</span>&nbsp;(</div>
<div>&nbsp;&nbsp;&nbsp;&nbsp;&nbsp;&nbsp;&nbsp;&nbsp;&nbsp;&nbsp;&nbsp;&nbsp;&nbsp;&nbsp;&nbsp;&nbsp;TO_TIMESTAMP(</div>
<div>&nbsp;&nbsp;&nbsp;&nbsp;&nbsp;&nbsp;&nbsp;&nbsp;&nbsp;&nbsp;&nbsp;&nbsp;&nbsp;&nbsp;&nbsp;&nbsp;&nbsp;&nbsp;&nbsp;&nbsp;<span style="color: #ff0000;">'1890-01-01&nbsp;00:00:00.000'</span>,</div>
<div>&nbsp;&nbsp;&nbsp;&nbsp;&nbsp;&nbsp;&nbsp;&nbsp;&nbsp;&nbsp;&nbsp;&nbsp;&nbsp;&nbsp;&nbsp;&nbsp;&nbsp;&nbsp;&nbsp;&nbsp;<span style="color: #ff0000;">'yyyy-MM-dd&nbsp;HH:mm:ss.SSS'</span></div>
<div>&nbsp;&nbsp;&nbsp;&nbsp;&nbsp;&nbsp;&nbsp;&nbsp;&nbsp;&nbsp;&nbsp;&nbsp;&nbsp;&nbsp;&nbsp;&nbsp;)</div>
<div>&nbsp;&nbsp;&nbsp;&nbsp;&nbsp;&nbsp;&nbsp;&nbsp;&nbsp;&nbsp;&nbsp;&nbsp;)</div>
<div>&nbsp;&nbsp;&nbsp;&nbsp;&nbsp;&nbsp;&nbsp;&nbsp;&nbsp;&nbsp;&nbsp;&nbsp;<span style="color: #778899;">AND</span>&nbsp;(</div>
<div>&nbsp;&nbsp;&nbsp;&nbsp;&nbsp;&nbsp;&nbsp;&nbsp;&nbsp;&nbsp;&nbsp;&nbsp;&nbsp;&nbsp;&nbsp;&nbsp;TO_TIMESTAMP(</div>
<div>&nbsp;&nbsp;&nbsp;&nbsp;&nbsp;&nbsp;&nbsp;&nbsp;&nbsp;&nbsp;&nbsp;&nbsp;&nbsp;&nbsp;&nbsp;&nbsp;&nbsp;&nbsp;&nbsp;&nbsp;<span style="color: #ff0000;">'2024-08-19&nbsp;23:59:59.000'</span>,</div>
<div>&nbsp;&nbsp;&nbsp;&nbsp;&nbsp;&nbsp;&nbsp;&nbsp;&nbsp;&nbsp;&nbsp;&nbsp;&nbsp;&nbsp;&nbsp;&nbsp;&nbsp;&nbsp;&nbsp;&nbsp;<span style="color: #ff0000;">'yyyy-MM-dd&nbsp;HH:mm:ss.SSS'</span></div>
<div>&nbsp;&nbsp;&nbsp;&nbsp;&nbsp;&nbsp;&nbsp;&nbsp;&nbsp;&nbsp;&nbsp;&nbsp;&nbsp;&nbsp;&nbsp;&nbsp;)</div>
<div>&nbsp;&nbsp;&nbsp;&nbsp;&nbsp;&nbsp;&nbsp;&nbsp;&nbsp;&nbsp;&nbsp;&nbsp;)</div>
<div>&nbsp;&nbsp;&nbsp;&nbsp;&nbsp;&nbsp;&nbsp;&nbsp;)</div>
<div>&nbsp;&nbsp;&nbsp;&nbsp;)</div>
<div><span style="color: #0000ff;">GROUP</span>&nbsp;<span style="color: #0000ff;">BY</span></div>
<div>&nbsp;&nbsp;&nbsp;&nbsp;<span style="color: #098658;">1</span></div>
<div><span style="color: #0000ff;">ORDER</span>&nbsp;<span style="color: #0000ff;">BY</span></div>
<div>&nbsp;&nbsp;&nbsp;&nbsp;<span style="color: #098658;">1</span>&nbsp;<span style="color: #0000ff;">ASC</span>;</div>
</div>
</div>]]></content></graph><graph id="1f8d1cf1-3062-43be-b5e4-fcbc993bc286" maxRows="15" autoRefresh="true" width="auto" height="450" showLabels="false" showStackedLabels="true" logarithmic="false" type="bar" showStackedLabelsTotal="false"><defaultTables><defaultTable schema="Fetch" table="TRANSACTION_TAKEHOME"/><defaultTable schema="Fetch" table="PRODUCTS_TAKEHOME"/><defaultTable schema="Fetch" table="USER_TAKEHOME"/></defaultTables><properties><property name="isNameHtml" value="true"/><property name="widthScale" value="1"/><property name="borderStyle" value="{&quot;width&quot;:1,&quot;radius&quot;:0,&quot;color&quot;:&quot;&quot;,&quot;style&quot;:&quot;Solid&quot;,&quot;active&quot;:[true,true,true,true]}"/><property name="instructions" value=""/><property name="caption" value="&lt;ul style=&quot;color: #000000; font-family: Arial, Helvetica, sans-serif; font-size: medium;&quot;> &lt;li>&lt;span style=&quot;font-size: 18px;&quot;>Which is the leading brand in the Dips &amp;amp; Salsa category?  &lt;/span>&lt;/li> &lt;/ul> &lt;p style=&quot;padding-left: 40px;&quot;>&lt;em style=&quot;color: #393e41; font-family: Roboto; font-size: 14px;&quot;>*Assumes Final Sale equals the total price, not the price per unit, and the Final Quantity is the quantity sold.&lt;/em>&lt;/p> &lt;p style=&quot;padding-left: 40px;&quot;>&lt;span style=&quot;font-size: 18px; color: #000000;&quot;>&lt;span style=&quot;font-family: Roboto;&quot;>Tostitos appears to be the leading brand both in Total Sales and in Total Quantity&lt;/span>&lt;/span>&lt;/p>"/><property name="dynamicHeight" value="false"/><property name="height" value="450"/><property name="showGrids" value="true"/><property name="markPoints" value="all"/><property name="dataSampling" value="false"/><property name="fixedPlacement" value="false"/><property name="automaticHeight" value="0"/><property name="xAxis" value="true"/><property name="showXAxisTick" value="true"/><property name="yAxis" value="true"/><property name="showTitle" value="true"/><property name="description" value=""/><property name="insightBackgroundColor" value=""/><property name="numberOfElementsInRow" value="1"/><property name="_inheritFilters" value="true"/><property name="xAxisTitle" value="true"/></properties><filter><cond dataType="string" field="Fetch.PRODUCTS_TAKEHOME.CATEGORY_2" function="dimension" label="Category 2" op="IN_LIST"><value>Dips &amp; Salsa</value></cond><cond dataType="string" field="Fetch.PRODUCTS_TAKEHOME.BRAND" function="dimension" label="Brand" op="IS_NOT_NULL"/></filter><binding><row field="Fetch.PRODUCTS_TAKEHOME.BRAND" label="Brand" function="dimension" datatype="string" level="-1" id="y0r0fVOYW9p"><sorting><sort field="Fetch.TRANSACTION_TAKEHOME.FINAL_QUANTITY" dir="desc" label="Final Quantity" function="dimension"/></sorting></row><measure field="Fetch.TRANSACTION_TAKEHOME.FINAL_QUANTITY" label="Final Quantity" function="dimension" datatype="string" level="-1" id="rKHsfs6qUT1" aggregation="count" runningTotal="false"><format color="#FFA500"/><properties><property name="format" value="0.##"/><property name="abbreviation" value="auto"/><property name="showNumberScale" value="true"/></properties></measure><measure field="Fetch.TRANSACTION_TAKEHOME.FINAL_SALE" label="Final Sale" function="dimension" datatype="decimal(7,2)" level="-1" id="2zbfo0kEDSQ" aggregation="sum" runningTotal="false"><format color="#B35681"/><properties><property name="format" value="$###,##0.00"/><property name="abbreviation" value="auto"/><property name="showNumberScale" value="true"/></properties></measure></binding><format showLegend="1" legendPosition="auto"/></graph><graph id="82e5a6f8-d659-4de5-b521-efe2d679f7e8" maxRows="0" autoRefresh="false" width="auto" height="450" showLabels="false" showStackedLabels="false" logarithmic="false" type="rich-text" showStackedLabelsTotal="false"><defaultTables><defaultTable schema="Fetch" table="TRANSACTION_TAKEHOME"/><defaultTable schema="Fetch" table="PRODUCTS_TAKEHOME"/><defaultTable schema="Fetch" table="USER_TAKEHOME"/></defaultTables><properties><property name="widthScale" value="1"/><property name="borderStyle" value="{&quot;width&quot;:1,&quot;radius&quot;:0,&quot;color&quot;:&quot;&quot;,&quot;style&quot;:&quot;Solid&quot;,&quot;active&quot;:[true,true,true,true]}"/><property name="dynamicHeight" value="false"/><property name="height" value="450"/><property name="automaticHeight" value="0"/><property name="insightBackgroundColor" value=""/><property name="numberOfElementsInRow" value="1"/></properties><content><![CDATA[<div style="color: #000000; background-color: #fffffe; font-family: Consolas, 'Courier New', monospace; line-height: 19px; white-space: pre;">
<div><span style="color: #0000ff;">SELECT</span></div>
<div>&nbsp;&nbsp;&nbsp;&nbsp;<span style="color: #0000ff;">Fetch</span>.PRODUCTS_TAKEHOME.BRAND&nbsp;<span style="color: #0000ff;">AS</span>&nbsp;"Brand",(<span style="color: #ff00ff;">COUNT</span>(<span style="color: #0000ff;">Fetch</span>.TRANSACTION_TAKEHOME.FINAL_QUANTITY))&nbsp;<span style="color: #0000ff;">AS</span>&nbsp;"Final&nbsp;Quantity",(<span style="color: #ff00ff;">SUM</span>(<span style="color: #0000ff;">Fetch</span>.TRANSACTION_TAKEHOME.FINAL_SALE))&nbsp;<span style="color: #0000ff;">AS</span>&nbsp;"Final&nbsp;Sale"</div>
<div><span style="color: #0000ff;">FROM</span></div>
<div>&nbsp;&nbsp;&nbsp;&nbsp;(</div>
<div>&nbsp;&nbsp;&nbsp;&nbsp;&nbsp;&nbsp;&nbsp;&nbsp;<span style="color: #0000ff;">Fetch</span>.TRANSACTION_TAKEHOME</div>
<div>&nbsp;&nbsp;&nbsp;&nbsp;&nbsp;&nbsp;&nbsp;&nbsp;<span style="color: #778899;">LEFT</span>&nbsp;<span style="color: #778899;">OUTER</span>&nbsp;<span style="color: #778899;">JOIN</span>&nbsp;<span style="color: #0000ff;">Fetch</span>.PRODUCTS_TAKEHOME&nbsp;<span style="color: #0000ff;">ON</span>&nbsp;(</div>
<div>&nbsp;&nbsp;&nbsp;&nbsp;&nbsp;&nbsp;&nbsp;&nbsp;&nbsp;&nbsp;&nbsp;&nbsp;<span style="color: #0000ff;">Fetch</span>.TRANSACTION_TAKEHOME.BARCODE&nbsp;<span style="color: #778899;">=</span>&nbsp;<span style="color: #0000ff;">Fetch</span>.PRODUCTS_TAKEHOME.BARCODE</div>
<div>&nbsp;&nbsp;&nbsp;&nbsp;&nbsp;&nbsp;&nbsp;&nbsp;)</div>
<div>&nbsp;&nbsp;&nbsp;&nbsp;)</div>
<div><span style="color: #0000ff;">WHERE</span></div>
<div>&nbsp;&nbsp;&nbsp;&nbsp;(</div>
<div>&nbsp;&nbsp;&nbsp;&nbsp;&nbsp;&nbsp;&nbsp;&nbsp;(</div>
<div>&nbsp;&nbsp;&nbsp;&nbsp;&nbsp;&nbsp;&nbsp;&nbsp;&nbsp;&nbsp;&nbsp;&nbsp;<span style="color: #0000ff;">Fetch</span>.PRODUCTS_TAKEHOME.CATEGORY_2&nbsp;<span style="color: #778899;">IN</span>(<span style="color: #ff0000;">'Dips&nbsp;&amp;&nbsp;Salsa'</span>)</div>
<div>&nbsp;&nbsp;&nbsp;&nbsp;&nbsp;&nbsp;&nbsp;&nbsp;)</div>
<div>&nbsp;&nbsp;&nbsp;&nbsp;&nbsp;&nbsp;&nbsp;&nbsp;<span style="color: #778899;">AND</span>&nbsp;<span style="color: #0000ff;">CASE</span></div>
<div>&nbsp;&nbsp;&nbsp;&nbsp;&nbsp;&nbsp;&nbsp;&nbsp;&nbsp;&nbsp;&nbsp;&nbsp;<span style="color: #0000ff;">WHEN</span>&nbsp;(<span style="color: #0000ff;">Fetch</span>.PRODUCTS_TAKEHOME.BRAND&nbsp;<span style="color: #778899;">IS</span>&nbsp;<span style="color: #778899;">NULL</span>)&nbsp;<span style="color: #0000ff;">THEN</span>&nbsp;<span style="color: #0000ff;">FALSE</span></div>
<div>&nbsp;&nbsp;&nbsp;&nbsp;&nbsp;&nbsp;&nbsp;&nbsp;&nbsp;&nbsp;&nbsp;&nbsp;<span style="color: #0000ff;">ELSE</span>&nbsp;<span style="color: #0000ff;">TRUE</span></div>
<div>&nbsp;&nbsp;&nbsp;&nbsp;&nbsp;&nbsp;&nbsp;&nbsp;<span style="color: #0000ff;">END</span></div>
<div>&nbsp;&nbsp;&nbsp;&nbsp;)</div>
<div><span style="color: #0000ff;">GROUP</span>&nbsp;<span style="color: #0000ff;">BY</span></div>
<div>&nbsp;&nbsp;&nbsp;&nbsp;<span style="color: #098658;">1</span></div>
<div><span style="color: #0000ff;">ORDER</span>&nbsp;<span style="color: #0000ff;">BY</span></div>
<div>&nbsp;&nbsp;&nbsp;&nbsp;<span style="color: #098658;">1</span>&nbsp;<span style="color: #0000ff;">ASC</span>;</div>
</div>]]></content></graph><graph id="c95944f8-76d7-4618-b9fb-b59f45b6a8e6" maxRows="1000" autoRefresh="true" width="auto" height="450" showLabels="false" showStackedLabels="true" logarithmic="false" type="line" showStackedLabelsTotal="false"><defaultTables><defaultTable schema="Fetch" table="TRANSACTION_TAKEHOME"/><defaultTable schema="Fetch" table="PRODUCTS_TAKEHOME"/><defaultTable schema="Fetch" table="USER_TAKEHOME"/></defaultTables><properties><property name="isNameHtml" value="true"/><property name="viewForecast" value="true"/><property name="widthScale" value="1"/><property name="borderStyle" value="{&quot;width&quot;:1,&quot;radius&quot;:0,&quot;color&quot;:&quot;&quot;,&quot;style&quot;:&quot;Solid&quot;,&quot;active&quot;:[true,true,true,true]}"/><property name="instructions" value=""/><property name="caption" value="&lt;p>&lt;span style=&quot;font-size: 18px;&quot;>New user growth since 2014&lt;/span>&lt;/p> &lt;p>&lt;em>&lt;span style=&quot;font-size: 14px;&quot;>*Note that 2024 only includes new users through September 11, 2024, excluding more than 3 months of new user data.&lt;/span>&lt;/em>&lt;/p>"/><property name="dynamicHeight" value="false"/><property name="forecastedDataPoints" value="10"/><property name="height" value="450"/><property name="hideNullValues" value="false"/><property name="showGrids" value="true"/><property name="markPoints" value="all"/><property name="dataSampling" value="true"/><property name="automaticHeight" value="0"/><property name="xAxis" value="true"/><property name="showXAxisTick" value="true"/><property name="yAxis" value="true"/><property name="autoRunMl" value="true"/><property name="showTitle" value="true"/><property name="showMarkers" value="true"/><property name="description" value=""/><property name="insightBackgroundColor" value=""/><property name="numberOfElementsInRow" value="1"/><property name="yAxisTitle" value="true"/><property name="_inheritFilters" value="true"/><property name="xAxisTitle" value="true"/></properties><binding><row formula="year(Fetch.USER_TAKEHOME.CREATED_DATE)" label="Year User Created" datePart="true" function="dimension" datatype="integer" level="-1" id="QjviCGLiJM"/><measure field="Fetch.USER_TAKEHOME.ID" label="Number of New Users" function="dimension" datatype="string" level="-1" id="bFuZsos48ak" aggregation="count" runningTotal="false"><format color="#B35681"/><properties><property name="format" value="###,##0.0"/><property name="abbreviation" value="auto"/><property name="showNumberScale" value="true"/></properties></measure></binding><format showLegend="0" legendPosition="auto"/></graph><graph id="ca5bfa30-2be5-4420-bd33-c66661f24f57" maxRows="0" autoRefresh="false" width="auto" height="450" showLabels="false" showStackedLabels="false" logarithmic="false" type="rich-text" showStackedLabelsTotal="false"><defaultTables><defaultTable schema="Fetch" table="TRANSACTION_TAKEHOME"/><defaultTable schema="Fetch" table="PRODUCTS_TAKEHOME"/><defaultTable schema="Fetch" table="USER_TAKEHOME"/></defaultTables><properties><property name="widthScale" value="1"/><property name="borderStyle" value="{&quot;width&quot;:1,&quot;radius&quot;:0,&quot;color&quot;:&quot;&quot;,&quot;style&quot;:&quot;Solid&quot;,&quot;active&quot;:[true,true,true,true]}"/><property name="dynamicHeight" value="false"/><property name="height" value="450"/><property name="automaticHeight" value="0"/><property name="insightBackgroundColor" value=""/><property name="numberOfElementsInRow" value="1"/></properties><content><![CDATA[<div style="color: #000000; background-color: #fffffe; font-family: Consolas, 'Courier New', monospace; line-height: 19px; white-space: pre;">
<div><span style="color: #0000ff;">SELECT</span></div>
<div>&nbsp;&nbsp;&nbsp;&nbsp;<span style="color: #ff00ff;">CAST</span>(</div>
<div>&nbsp;&nbsp;&nbsp;&nbsp;&nbsp;&nbsp;&nbsp;&nbsp;(</div>
<div>&nbsp;&nbsp;&nbsp;&nbsp;&nbsp;&nbsp;&nbsp;&nbsp;&nbsp;&nbsp;&nbsp;&nbsp;DATE_PART(<span style="color: #ff0000;">'year'</span>,&nbsp;"Fetch".USER_TAKEHOME.CREATED_DATE)</div>
<div>&nbsp;&nbsp;&nbsp;&nbsp;&nbsp;&nbsp;&nbsp;&nbsp;)&nbsp;<span style="color: #0000ff;">AS</span>&nbsp;<span style="color: #0000ff;">INTEGER</span></div>
<div>&nbsp;&nbsp;&nbsp;&nbsp;)&nbsp;<span style="color: #0000ff;">AS</span>&nbsp;"Year_User_Created",</div>
<div>&nbsp;&nbsp;&nbsp;&nbsp;(<span style="color: #ff00ff;">DISTINCT</span>(<span style="color: #0000ff;">Fetch</span>.USER_TAKEHOME.ID)) <span style="color: #0000ff;">AS</span> "Number_of_New_Users"</div>
<div><span style="color: #0000ff;">FROM</span></div>
<div>&nbsp;&nbsp;&nbsp;&nbsp;"Fetch".USER_TAKEHOME</div>
<div>
<div><span style="color: #0000ff;">GROUP</span>&nbsp;<span style="color: #0000ff;">BY</span></div>
<div>&nbsp;&nbsp;&nbsp;&nbsp;<span style="color: #098658;">1</span></div>
</div>
<div><span style="color: #0000ff;">ORDER</span>&nbsp;<span style="color: #0000ff;">BY</span></div>
<div>&nbsp;&nbsp;&nbsp;&nbsp;<span style="color: #098658;">1</span>&nbsp;<span style="color: #0000ff;">ASC</span>;</div>
</div>]]></content></graph></layout></report>